Tissue,SampleID,AssayWeek,Treatment,RNAi_Temp,RNAi_Days,ef1,cat,DeltaCq,DeltaDeltaCq,RelativeCatalase_mRNA
FB,FB20,04-Jul,RNAi,RT,3,21.87503689,22.45419376,0.579156865,0.012068972,0.99166932
FB,FB22,04-Jul,RNAi,RT,3,19.11278039,23.08254415,3.969763761,3.402675868,0.094556742
FB,FB30,04-Jul,Control,RT,3,22.68370238,22.13664439,-0.547057987,-1.114145879,2.16466816
FB,FB31,04-Jul,Control,RT,3,22.5049709,23.16567451,0.660703607,0.093615714,0.937171045
FB,FB34,04-Jul,Control,RT,3,21.19827573,21.70938331,0.51110758,-0.055980313,1.039565249
MG,MG17,04-Jul,RNAi,RT,3,25.12556952,24.86499481,-0.260574714,0.507986828,0.70320302
MG,MG18,04-Jul,RNAi,RT,3,22.54710721,23.19410055,0.64699334,1.415554882,0.374865541
MG,MG19,04-Jul,RNAi,RT,3,26.31318396,27.06067926,0.747495305,1.516056846,0.349640244
MG,MG20,04-Jul,RNAi,RT,3,20.07828946,19.91200089,-0.166288571,0.60227297,0.65871533
MG,MG21,04-Jul,RNAi,RT,3,20.19938686,20.56862442,0.369237569,1.13779911,0.454452335
MG,MG22,04-Jul,RNAi,RT,3,22.7983038,26.49327538,3.694971576,4.463533117,0.045325504
MG,MG29,04-Jul,Control,RT,3,24.5745259,24.44314762,-0.131378272,0.637183269,0.642967059
MG,MG30,04-Jul,Control,RT,3,23.34801994,23.35598002,0.007960084,0.776521625,0.583772589
MG,MG31,04-Jul,Control,RT,3,24.57342566,23.18934066,-1.384085,-0.615523459,1.532113799
MG,MG32,04-Jul,Control,RT,3,25.00076605,23.19400102,-1.806765039,-1.038203497,2.053668748
MG,MG33,04-Jul,Control,RT,3,21.02299566,20.60094683,-0.422048831,0.346512711,0.786482892
MG,MG34,04-Jul,Control,RT,3,22.40794339,21.23791966,-1.170023726,-0.401462184,1.320845922
MT,MT17,04-Jul,RNAi,RT,3,23.4199129,25.34134855,1.921435649,1.856236524,0.276195836
MT,MT18,04-Jul,RNAi,RT,3,21.72202147,22.97771612,1.255694655,1.19049553,0.43815234
MT,MT19,04-Jul,RNAi,RT,3,22.82176644,25.27459156,2.45282512,2.387625995,0.191096599
MT,MT20,04-Jul,RNAi,RT,3,21.75026028,21.08032106,-0.669939224,-0.735138349,1.664557086
MT,MT21,04-Jul,RNAi,RT,3,20.61048209,23.70502764,3.094545549,3.029346424,0.122483012
MT,MT22,04-Jul,RNAi,RT,3,22.78750314,26.55430397,3.766800835,3.70160171,0.076861146
MT,MT29,04-Jul,Control,RT,3,24.52646988,24.83607554,0.309605656,0.244406531,0.844162981
MT,MT30,04-Jul,Control,RT,3,21.56156228,21.29989574,-0.261666547,-0.326865672,1.254285414
MT,MT34,04-Jul,Control,RT,3,24.95912283,24.79104135,-0.168081481,-0.233280606,1.175504944
FB,FB35,18-Jul,RNAi,RT,3,24.35355167,30.06253772,5.70898605,5.141898157,0.028322685
FB,FB36,18-Jul,RNAi,RT,3,21.38982784,26.35468589,4.964858046,4.397770153,0.047439409
FB,FB37,18-Jul,RNAi,RT,3,21.59041938,24.55269768,2.962278301,2.395190408,0.190097253
FB,FB38,18-Jul,RNAi,RT,3,22.58117056,25.62779165,3.046621097,2.479533205,0.179302411
FB,FB40,18-Jul,RNAi,RT,3,21.299896,24.78961618,3.489720177,2.922632284,0.131886401
FB,FB47,18-Jul,Control,RT,3,18.52298959,18.92081012,0.397820537,-0.169267356,1.124487291
FB,FB48,18-Jul,Control,RT,3,18.50755158,18.8819373,0.374385721,-0.192702172,1.142902372
FB,FB49,18-Jul,Control,RT,3,19.05725909,19.92428603,0.867026932,0.299939039,0.812286719
FB,FB50,18-Jul,Control,RT,3,19.43253831,20.55414611,1.121607796,0.554519903,0.680883603
FB,FB51,18-Jul,Control,RT,3,18.71542845,19.57593074,0.860502286,0.293414393,0.815968637
FB,FB52,18-Jul,Control,RT,3,19.82624226,20.68393682,0.857694563,0.29060667,0.817558193
MG,MG37,18-Jul,RNAi,RT,3,26.65891958,27.86949273,1.210573142,1.979134683,0.253641957
MG,MG38,18-Jul,RNAi,RT,3,27.42381698,28.11059672,0.686779739,1.455341281,0.364668811
MG,MG39,18-Jul,RNAi,RT,3,23.11800511,23.97621833,0.858213214,1.626774756,0.323811302
MG,MG40,18-Jul,RNAi,RT,3,21.43284113,24.56718139,3.134340265,3.902901807,0.066851243
MG,MG47,18-Jul,Control,RT,3,21.3690633,21.30266874,-0.066394561,0.70216698,0.614648289
MG,MG48,18-Jul,Control,RT,3,24.88527774,23.51496386,-1.370313881,-0.60175234,1.517558719
MG,MG49,18-Jul,Control,RT,3,25.69388706,25.10814356,-0.585743501,0.182818041,0.88098048
MG,MG50,18-Jul,Control,RT,3,23.7153951,22.95857241,-0.756822688,0.011738853,0.991896261
MT,MT35,18-Jul,RNAi,RT,3,23.22574781,27.86911489,4.643367084,4.578167959,0.041863364
MT,MT36,18-Jul,RNAi,RT,3,25.72291961,28.94002443,3.217104827,3.151905702,0.112507595
MT,MT37,18-Jul,RNAi,RT,3,23.37601487,27.07203703,3.69602216,3.630823034,0.080725986
MT,MT38,18-Jul,RNAi,RT,3,26.19325195,27.77468168,1.581429729,1.516230604,0.349598136
MT,MT39,18-Jul,RNAi,RT,3,23.22404929,26.09435004,2.870300751,2.805101626,0.143080441
MT,MT40,18-Jul,RNAi,RT,3,21.11191158,25.76003599,4.648124412,4.582925287,0.041725545
MT,MT47,18-Jul,Control,RT,3,21.14593345,21.04924685,-0.096686605,-0.161885731,1.118748487
MT,MT48,18-Jul,Control,RT,3,22.46086857,23.11697246,0.656103887,0.590904762,0.663926406
MT,MT49,18-Jul,Control,RT,3,21.72386481,21.90431709,0.180452275,0.11525315,0.923220299
MT,MT50,18-Jul,Control,RT,3,22.46085891,22.43658934,-0.024269565,-0.089468691,1.063978273
MT,MT51,18-Jul,Control,RT,3,21.92146607,21.84760145,-0.073864618,-0.139063743,1.101190251