Tissue,SampleID,AssayWeek,RNAi_Condition,Treatment,RNAi_Temp,RNAi_Days,CatalaseActivity(U/mgProtein),RelativeCatalase_Activity
FB,FB6-11,11-Dec,LowTemp-3d,Control,15,3,0.219813725,1.240404946
FB,FB6-12,11-Dec,LowTemp-3d,Control,15,3,0.169594448,0.95701846
FB,FB6-13,11-Dec,LowTemp-3d,Control,15,3,0.199862037,1.127817928
FB,FB6-14,11-Dec,LowTemp-3d,Control,15,3,0.08422539,0.475282383
FB,FB6-15,11-Dec,LowTemp-3d,Control,15,3,0.212560705,1.199476283
FB,FB6-01,11-Dec,LowTemp-3d,RNAi,15,3,0.117356381,0.662239974
FB,FB6-02,11-Dec,LowTemp-3d,RNAi,15,3,0.181269592,1.022901088
FB,FB6-03,11-Dec,LowTemp-3d,RNAi,15,3,0.176075439,0.993590579
FB,FB6-04,11-Dec,LowTemp-3d,RNAi,15,3,0.13229374,0.746531225
FB,FB6-05,11-Dec,LowTemp-3d,RNAi,15,3,0.2522594,1.423495315
FB,FB7-06,26-Jan,LowTemp-7d,Control,15,7,0.152636969,0.700175576
FB,FB7-09,26-Jan,LowTemp-7d,Control,15,7,0.462985089,2.123802994
FB,FB7-10,26-Jan,LowTemp-7d,Control,15,7,0.188204295,0.863329846
FB,FB8-07,6-Feb,LowTemp-7d,Control,15,7,0.125288772,0.574724056
FB,FB8-08,6-Feb,LowTemp-7d,Control,15,7,0.060286327,0.276545151
FB,FB8-09,6-Feb,LowTemp-7d,Control,15,7,0.210194401,0.964202756
FB,FB8-10,6-Feb,LowTemp-7d,Control,15,7,0.280906389,1.288572448
FB,FB8-11,6-Feb,LowTemp-7d,Control,15,7,0.228481145,1.048087622
FB,FB8-12,6-Feb,LowTemp-7d,Control,15,7,0.252999816,1.16055955
FB,FB7-01,26-Jan,LowTemp-7d,RNAi,15,7,0.22199717,1.018344361
FB,FB7-02,26-Jan,LowTemp-7d,RNAi,15,7,0.156486816,0.717835576
FB,FB7-03,26-Jan,LowTemp-7d,RNAi,15,7,0.178616753,0.819349919
FB,FB7-04,26-Jan,LowTemp-7d,RNAi,15,7,0.124150168,0.569501058
FB,FB7-05,26-Jan,LowTemp-7d,RNAi,15,7,0.126082977,0.578367233
FB,FB8-01,6-Feb,LowTemp-7d,RNAi,15,7,0.156893207,0.719699771
FB,FB8-02,6-Feb,LowTemp-7d,RNAi,15,7,0.207404076,0.95140299
FB,FB8-04,6-Feb,LowTemp-7d,RNAi,15,7,0.285912421,1.311536096
FB,FB8-05,6-Feb,LowTemp-7d,RNAi,15,7,0.075182914,0.344878707
FB,FB8-06,6-Feb,LowTemp-7d,RNAi,15,7,0.193903054,0.889471164
FB,FB6-16,11-Dec,HighTemp-3d,Control,22,3,0.210159442,0.956587912
FB,FB6-17,11-Dec,HighTemp-3d,Control,22,3,0.292551592,1.331614293
FB,FB6-18,11-Dec,HighTemp-3d,Control,22,3,0.185059206,0.842338551
FB,FB6-19,11-Dec,HighTemp-3d,Control,22,3,0.197447732,0.898727709
FB,FB6-20,11-Dec,HighTemp-3d,Control,22,3,0.213266752,0.970731535
FB,FB6-06,11-Dec,HighTemp-3d,RNAi,22,3,0.195952148,0.891920223
FB,FB6-07,11-Dec,HighTemp-3d,RNAi,22,3,0.163663553,0.744951431
FB,FB6-08,11-Dec,HighTemp-3d,RNAi,22,3,0.170110419,0.774295789
FB,FB6-09,11-Dec,HighTemp-3d,RNAi,22,3,0.15399998,0.700965507
FB,FB6-10,11-Dec,HighTemp-3d,RNAi,22,3,0.122093604,0.555736468
FB,FB7-16,26-Jan,HighTemp-7d,Control,22,7,0.155715182,0.801662825
FB,FB7-17,26-Jan,HighTemp-7d,Control,22,7,0.068407739,0.35218108
FB,FB7-18,26-Jan,HighTemp-7d,Control,22,7,0.166140965,0.855337503
FB,FB7-19,26-Jan,HighTemp-7d,Control,22,7,0.128937303,0.66380324
FB,FB7-20,26-Jan,HighTemp-7d,Control,22,7,0.273677094,1.408961856
FB,FB8-20,6-Feb,HighTemp-7d,Control,22,7,0.304880789,1.569606708
FB,FB8-22,6-Feb,HighTemp-7d,Control,22,7,0.110030976,0.566468481
FB,FB8-23,6-Feb,HighTemp-7d,Control,22,7,0.35440728,1.824582141
FB,FB8-24,6-Feb,HighTemp-7d,Control,22,7,0.185964864,0.957396166
FB,FB7-11,26-Jan,HighTemp-7d,RNAi,22,7,0.166583018,0.857613308
FB,FB7-12,26-Jan,HighTemp-7d,RNAi,22,7,0.288157469,1.483510645
FB,FB7-14,26-Jan,HighTemp-7d,RNAi,22,7,0.155305117,0.799551698
FB,FB8-13,6-Feb,HighTemp-7d,RNAi,22,7,0.090938613,0.468175963
FB,FB8-16,6-Feb,HighTemp-7d,RNAi,22,7,0.127206911,0.654894724
FB,FB8-17,6-Feb,HighTemp-7d,RNAi,22,7,0.272695599,1.403908862
FB,FB8-18,6-Feb,HighTemp-7d,RNAi,22,7,0.256161087,1.318784832
MG,MG6-11,11-Dec,LowTemp-3d,Control,15,3,0.26123243,1.402759541
MG,MG6-12,11-Dec,LowTemp-3d,Control,15,3,0.126469665,0.679113726
MG,MG6-13,11-Dec,LowTemp-3d,Control,15,3,0.125596037,0.67442254
MG,MG6-14,11-Dec,LowTemp-3d,Control,15,3,0.157405673,0.845233149
MG,MG6-15,11-Dec,LowTemp-3d,Control,15,3,0.260433794,1.398471044
MG,MG6-01,11-Dec,LowTemp-3d,RNAi,15,3,0.213336508,1.145569183
MG,MG6-02,11-Dec,LowTemp-3d,RNAi,15,3,0.06755499,0.362755138
MG,MG6-03,11-Dec,LowTemp-3d,RNAi,15,3,0.070757507,0.379951936
MG,MG6-04,11-Dec,LowTemp-3d,RNAi,15,3,0.209950319,1.127386109
MG,MG6-05,11-Dec,LowTemp-3d,RNAi,15,3,0.070292004,0.377452292
MG,MG7-06,26-Jan,LowTemp-7d,Control,15,7,0.206753905,0.788626281
MG,MG7-09,26-Jan,LowTemp-7d,Control,15,7,0.319960041,1.220431105
MG,MG7-10,26-Jan,LowTemp-7d,Control,15,7,0.321552554,1.226505465
MG,MG8-07,6-Feb,LowTemp-7d,Control,15,7,0.263833056,1.006344627
MG,MG8-08,6-Feb,LowTemp-7d,Control,15,7,0.205318068,0.783149534
MG,MG8-09,6-Feb,LowTemp-7d,Control,15,7,0.260255485,0.992698612
MG,MG8-10,6-Feb,LowTemp-7d,Control,15,7,0.24380038,0.92993352
MG,MG8-11,6-Feb,LowTemp-7d,Control,15,7,0.228447971,0.871374466
MG,MG8-12,6-Feb,LowTemp-7d,Control,15,7,0.309605723,1.180936387
MG,MG7-01,26-Jan,LowTemp-7d,RNAi,15,7,0.210288406,0.802108008
MG,MG7-02,26-Jan,LowTemp-7d,RNAi,15,7,0.17643776,0.672990696
MG,MG7-03,26-Jan,LowTemp-7d,RNAi,15,7,0.420168856,1.602659943
MG,MG7-04,26-Jan,LowTemp-7d,RNAi,15,7,0.307377146,1.172435872
MG,MG7-05,26-Jan,LowTemp-7d,RNAi,15,7,0.204082375,0.778436201
MG,MG8-01,6-Feb,LowTemp-7d,RNAi,15,7,0.1635426,0.623804381
MG,MG8-02,6-Feb,LowTemp-7d,RNAi,15,7,0.247079799,0.942442284
MG,MG8-04,6-Feb,LowTemp-7d,RNAi,15,7,0.355196068,1.354832713
MG,MG8-05,6-Feb,LowTemp-7d,RNAi,15,7,0.298632076,1.139079348
MG,MG8-06,6-Feb,LowTemp-7d,RNAi,15,7,0.268601257,1.024532089
MG,MG6-16,11-Dec,HighTemp-3d,Control,22,3,0.161569589,0.934504752
MG,MG6-17,11-Dec,HighTemp-3d,Control,22,3,0.166238454,0.961509069
MG,MG6-18,11-Dec,HighTemp-3d,Control,22,3,0.155735468,0.900760688
MG,MG6-19,11-Dec,HighTemp-3d,Control,22,3,0.183939544,1.063890669
MG,MG6-20,11-Dec,HighTemp-3d,Control,22,3,0.196983331,1.139334822
MG,MG6-06,11-Dec,HighTemp-3d,RNAi,22,3,0.074967963,0.433608315
MG,MG6-07,11-Dec,HighTemp-3d,RNAi,22,3,0.049325296,0.285293314
MG,MG6-08,11-Dec,HighTemp-3d,RNAi,22,3,0.056200028,0.325056178
MG,MG6-09,11-Dec,HighTemp-3d,RNAi,22,3,0.1233093,0.713210496
MG,MG6-10,11-Dec,HighTemp-3d,RNAi,22,3,0.135448155,0.783420602
MG,MG7-16,26-Jan,HighTemp-7d,Control,22,7,0.37962529,1.185161794
MG,MG7-17,26-Jan,HighTemp-7d,Control,22,7,0.421406162,1.315598554
MG,MG7-18,26-Jan,HighTemp-7d,Control,22,7,0.320053618,0.999183483
MG,MG7-19,26-Jan,HighTemp-7d,Control,22,7,0.392310208,1.224763158
MG,MG7-20,26-Jan,HighTemp-7d,Control,22,7,0.401824823,1.254467077
MG,MG8-20,6-Feb,HighTemp-7d,Control,22,7,0.307847913,0.961078184
MG,MG8-22,6-Feb,HighTemp-7d,Control,22,7,0.150420847,0.469602645
MG,MG8-23,6-Feb,HighTemp-7d,Control,22,7,0.307962951,0.961437324
MG,MG8-24,6-Feb,HighTemp-7d,Control,22,7,0.201384633,0.628707779
MG,MG7-11,26-Jan,HighTemp-7d,RNAi,22,7,0.253533098,0.791511389
MG,MG7-12,26-Jan,HighTemp-7d,RNAi,22,7,0.185235039,0.578289951
MG,MG7-14,26-Jan,HighTemp-7d,RNAi,22,7,0.185489003,0.57908281
MG,MG8-13,6-Feb,HighTemp-7d,RNAi,22,7,0.105358988,0.328922887
MG,MG8-16,6-Feb,HighTemp-7d,RNAi,22,7,0.105957144,0.330790289
MG,MG8-17,6-Feb,HighTemp-7d,RNAi,22,7,0.15987837,0.499128327
MG,MG8-18,6-Feb,HighTemp-7d,RNAi,22,7,0.141628191,0.442152632
